<?xml version="1.0" encoding="UTF-8" standalone="yes"?>
<addon id="plugin.video.hummingbird" version="0.4.8" name="Hummingbird" provider-name="Wilson Magic">
	<requires>
		<import addon="xbmc.python" version="2.19.0"/>
		<import addon="script.module.requests"/>
        <import addon="script.module.resolveurl"/>
        <import addon="script.module.pycryptodome"/>
        <import addon="plugin.video.youtube"/>
        <import addon="inputstream.adaptive"/>
        <import addon="script.module.beautifulsoup4"/>
	</requires>
	<extension point="xbmc.python.pluginsource" library="hummingbird.py">
		<provides>video</provides>
	</extension>
    <extension point="xbmc.service" library="service.py"/>
	<extension point="xbmc.addon.metadata">
		<summary lang="en">Hummingbird</summary>
		<description lang="en">
        Search Anime at Kitsu.io. Please note that this addon is not developed by the authors of Kitsu.
		</description>
		<platform>all</platform>
		<license>GNU GENERAL PUBLIC LICENSE. Version 3, 29 June 2007</license>
		<forum>https://www.reddit.com/r/Addons4Kodi/</forum>
		<website>https://kitsu.io/</website>
		<source>https://kitsu.io/</source>
		<assets>
			<icon>resources/media/icon.png</icon>
			<fanart>resources/media/fanart.jpg</fanart>
            <screenshot>resources/media/screenshots/screenshot-01.jpg</screenshot>
            <screenshot>resources/media/screenshots/screenshot-02.jpg</screenshot>
            <screenshot>resources/media/screenshots/screenshot-03.jpg</screenshot>
		</assets>
		<news>
		</news>
	</extension>
</addon>
